Account Statement - (@example-pantry),,,,,,,,,,,,,,,,,,,,,
Account Activity,,,,,,,,,,,,,,,,,,,,,
,ID,Datetime,Type,Status,Note,From,To,Amount (total),Amount (tip),Amount (tax),Amount (fee),Tax Rate,Tax Exempt,Funding Source,Destination,Beginning Balance,Ending Balance,Statement Period Venmo Fees,Terminal Location,Year to Date Venmo Fees,Disclaimer
,,,,,,,,,,,,,,,,$0.00,,,,,
,1000000000000000001,2026-03-04T14:22:10,Payment,Complete,pantry help,Grace Bellamy,Example Pantry,+ $50.00,,0,,0,,Venmo balance,,,,,Venmo,,
,1000000000000000002,2026-05-19T09:01:44,Payment,Complete,"for the soup kitchen, thanks!",Tomas Okafor,Example Pantry,+ $25.00,,0,,0,,Venmo balance,,,,,Venmo,,
,1000000000000000003,2026-06-02T18:30:00,Payment,Complete,pizza,Example Pantry,Sam Nobody,- $18.00,,0,,0,,Venmo balance,,,,,Venmo,,
,1000000000000000004,2026-06-15T10:00:00,Standard Transfer,Issued,,,,- $75.00,,0,,0,,,Bank,,,,,,
,1000000000000000005,2026-08-01T12:00:00,Payment,Pending,,Ida Lindqvist,Example Pantry,+ $30.00,,0,,0,,Venmo balance,,,,,Venmo,,
,1000000000000000006,2026-09-12T12:00:00,Charge,Complete,fall supper,Priya Rahman,Example Pantry,"+ $1,200.00",,0,,0,,Venmo balance,,,,,Venmo,,
